{
  "Get User By Id" : {
    "transaction" : "Get User By Id",
    "sampleCount" : 10,
    "errorCount" : 0,
    "errorPct" : 0.0,
    "meanResTime" : 457.3,
    "medianResTime" : 203.5,
    "minResTime" : 191.0,
    "maxResTime" : 863.0,
    "pct1ResTime" : 860.9,
    "pct2ResTime" : 863.0,
    "pct3ResTime" : 863.0,
    "throughput" : 5.753739930955121,
    "receivedKBytesPerSec" : 6.650514240506329,
    "sentKBytesPerSec" : 1.2367169519562715
  },
  "Total" : {
    "transaction" : "Total",
    "sampleCount" : 10,
    "errorCount" : 0,
    "errorPct" : 0.0,
    "meanResTime" : 457.3,
    "medianResTime" : 203.5,
    "minResTime" : 191.0,
    "maxResTime" : 863.0,
    "pct1ResTime" : 860.9,
    "pct2ResTime" : 863.0,
    "pct3ResTime" : 863.0,
    "throughput" : 5.753739930955121,
    "receivedKBytesPerSec" : 6.650514240506329,
    "sentKBytesPerSec" : 1.2367169519562715
  }
}