{
  "Get List Users" : {
    "transaction" : "Get List Users",
    "sampleCount" : 35476,
    "errorCount" : 5,
    "errorPct" : 0.014094035,
    "meanResTime" : 55.893759161123384,
    "medianResTime" : 31.0,
    "minResTime" : 23.0,
    "maxResTime" : 12501.0,
    "pct1ResTime" : 40.0,
    "pct2ResTime" : 44.0,
    "pct3ResTime" : 54.0,
    "throughput" : 115.81012571450957,
    "receivedKBytesPerSec" : 145.81739781819547,
    "sentKBytesPerSec" : 26.71323343835386
  },
  "Get User By Id" : {
    "transaction" : "Get User By Id",
    "sampleCount" : 35480,
    "errorCount" : 21,
    "errorPct" : 0.059188277,
    "meanResTime" : 55.74633596392378,
    "medianResTime" : 31.0,
    "minResTime" : 24.0,
    "maxResTime" : 4283.0,
    "pct1ResTime" : 40.0,
    "pct2ResTime" : 46.0,
    "pct3ResTime" : 76.0,
    "throughput" : 118.24774702714232,
    "receivedKBytesPerSec" : 136.65691093591693,
    "sentKBytesPerSec" : 25.416337031908228
  },
  "Total" : {
    "transaction" : "Total",
    "sampleCount" : 106415,
    "errorCount" : 3652,
    "errorPct" : 3.431847,
    "meanResTime" : 250.25514260207552,
    "medianResTime" : 34.0,
    "minResTime" : 23.0,
    "maxResTime" : 12501.0,
    "pct1ResTime" : 718.0,
    "pct2ResTime" : 788.0,
    "pct3ResTime" : 880.0,
    "throughput" : 347.0424023428583,
    "receivedKBytesPerSec" : 379.0116822141788,
    "sentKBytesPerSec" : 87.07330797873034
  },
  "Register User" : {
    "transaction" : "Register User",
    "sampleCount" : 35459,
    "errorCount" : 3626,
    "errorPct" : 10.225895,
    "meanResTime" : 639.3337093544654,
    "medianResTime" : 611.0,
    "minResTime" : 568.0,
    "maxResTime" : 2939.0,
    "pct1ResTime" : 732.0,
    "pct2ResTime" : 797.0,
    "pct3ResTime" : 885.0,
    "throughput" : 118.25973852721451,
    "receivedKBytesPerSec" : 101.87479220688535,
    "sentKBytesPerSec" : 36.32096297712947
  }
}