{
  "Get List Users" : {
    "transaction" : "Get List Users",
    "sampleCount" : 1,
    "errorCount" : 0,
    "errorPct" : 0.0,
    "meanResTime" : 1167.0,
    "medianResTime" : 1167.0,
    "minResTime" : 1167.0,
    "maxResTime" : 1167.0,
    "pct1ResTime" : 1167.0,
    "pct2ResTime" : 1167.0,
    "pct3ResTime" : 1167.0,
    "throughput" : 0.8568980291345331,
    "receivedKBytesPerSec" : 2.0476850364181662,
    "sentKBytesPerSec" : 0.19832503213367608
  },
  "Get User By Id" : {
    "transaction" : "Get User By Id",
    "sampleCount" : 1,
    "errorCount" : 0,
    "errorPct" : 0.0,
    "meanResTime" : 322.0,
    "medianResTime" : 322.0,
    "minResTime" : 322.0,
    "maxResTime" : 322.0,
    "pct1ResTime" : 322.0,
    "pct2ResTime" : 322.0,
    "pct3ResTime" : 322.0,
    "throughput" : 3.105590062111801,
    "receivedKBytesPerSec" : 3.5847729037267078,
    "sentKBytesPerSec" : 0.6672166149068323
  },
  "Total" : {
    "transaction" : "Total",
    "sampleCount" : 3,
    "errorCount" : 0,
    "errorPct" : 0.0,
    "meanResTime" : 723.6666666666666,
    "medianResTime" : 682.0,
    "minResTime" : 322.0,
    "maxResTime" : 1167.0,
    "pct1ResTime" : 1167.0,
    "pct2ResTime" : 1167.0,
    "pct3ResTime" : 1167.0,
    "throughput" : 1.3799448022079117,
    "receivedKBytesPerSec" : 2.024098723551058,
    "sentKBytesPerSec" : 0.3467830036798528
  },
  "Register User" : {
    "transaction" : "Register User",
    "sampleCount" : 1,
    "errorCount" : 0,
    "errorPct" : 0.0,
    "meanResTime" : 682.0,
    "medianResTime" : 682.0,
    "minResTime" : 682.0,
    "maxResTime" : 682.0,
    "pct1ResTime" : 682.0,
    "pct2ResTime" : 682.0,
    "pct3ResTime" : 682.0,
    "throughput" : 1.466275659824047,
    "receivedKBytesPerSec" : 1.2557849156891494,
    "sentKBytesPerSec" : 0.45105159457478
  }
}